wl;00_background;01_m_c;01_m_q;02_m_c;02_m_q;03_m_c;03_m_q
300;5.205235299;0.884837452;27.79874584;0;1.212976196;9.805798029;17.62924861
301;5.174864168;0.957960759;29.56863593;0.132623618;1.861977295;10.14298096;17.89012316
302;5.145223783;1.030460691;31.29554631;0.264679361;2.496281494;10.47764941;18.14181308
303;5.116310106;1.102380851;32.97952052;0.396282857;3.116254317;10.80981625;18.38402967
304;5.088119099;1.173764845;34.62060209;0.52754973;3.72226129;11.13949433;18.61648422
305;5.060646724;1.244656278;36.21883456;0.658595606;4.314667939;11.46669651;18.83888801
306;5.033888943;1.315098753;37.77426145;0.789536109;4.893839787;11.79143566;19.05095232
307;5.007841718;1.385135877;39.28692632;0.920486867;5.460142361;12.11372463;19.25238846
308;4.982501011;1.454811253;40.75687268;1.051563503;6.013941186;12.43357627;19.44290771
309;4.957862783;1.524168486;42.18414407;1.182881643;6.555601787;12.75100345;19.62222134
310;4.933922997;1.593251182;43.56878403;1.314556913;7.08548969;13.06601903;19.79004067
311;4.910677615;1.662102944;44.91083609;1.446704938;7.603970419;13.37863587;19.94607696
312;4.888122598;1.730767377;46.21034378;1.579441343;8.1114095;13.68886682;20.09004151
313;4.866260952;1.799136607;47.46689323;1.712504784;8.607112166;13.99638081;20.22221419
314;4.845101606;1.86705876;48.68007468;1.845513597;9.089986588;14.3008819;20.34322429
315;4.824649403;1.934511442;49.8499378;1.978402931;9.559802696;14.60243564;20.45330726
316;4.804909191;2.001472263;50.97653224;2.111107935;10.01633042;14.90110759;20.55269854
317;4.785885813;2.06791883;52.0599077;2.243563757;10.4593397;15.19696331;20.64163357
318;4.767584116;2.13382875;53.10011383;2.375705547;10.88860046;15.49006834;20.72034779
319;4.750008945;2.19917963;54.09720032;2.507468453;11.30388263;15.78048825;20.78907664
320;4.733165145;2.26394908;55.05121683;2.638787623;11.70495614;16.06828858;20.84805556
321;4.717057561;2.328114706;55.96221303;2.769598207;12.09159093;16.3535349;20.89752
322;4.70169104;2.391654115;56.8302386;2.899835352;12.46355693;16.63629277;20.93770538
323;4.687070425;2.454544917;57.65534321;3.029434209;12.82062407;16.91662772;20.96884716
324;4.673200563;2.516764717;58.43757654;3.158329926;13.16256228;17.19460533;20.99118077
325;4.660086299;2.578291125;59.17698824;3.286457651;13.48914148;17.47029114;21.00494165
326;4.647749379;2.639336682;59.87305174;3.41444935;13.80276945;17.74341904;21.00712191
327;4.636201292;2.700090256;60.52531264;3.542863864;14.10554895;18.01372418;20.99515488
328;4.625431492;2.760493945;61.13392893;3.67152665;14.39679242;18.281274;20.96993788
329;4.615429437;2.820489844;61.6990586;3.80026317;14.67581232;18.54613595;20.93236822
330;4.606184581;2.88002005;62.22085964;3.928898881;14.94192109;18.80837748;20.88334321
331;4.597686382;2.939026661;62.69949002;4.057259242;15.19443118;19.06806603;20.82376016
332;4.589924295;2.997451771;63.13510775;4.185169714;15.43265503;19.32526905;20.75451638
333;4.582887776;3.055237479;63.52787079;4.312455756;15.65590511;19.58005398;20.67650919
334;4.576566282;3.112325879;63.87793715;4.438942825;15.86349385;19.83248827;20.59063588
335;4.570949268;3.16865907;64.1854648;4.564456383;16.0547337;20.08263937;20.49779378
336;4.566026191;3.224179147;64.45061173;4.688821887;16.22893711;20.33057472;20.39888019
337;4.561786506;3.278828207;64.67353594;4.811864797;16.38541653;20.57636177;20.29479243
338;4.55821967;3.332548347;64.85439539;4.933410573;16.52348441;20.82006796;20.1864278
339;4.55523426;3.386436116;64.98910406;5.056629543;16.65294907;21.06118078;20.06120873
340;4.552769741;3.441390344;65.07435523;5.184130469;16.78205807;21.29919295;19.90854505
341;4.550861902;3.497056543;65.11147588;5.314896463;16.90778269;21.53417979;19.73231518
342;4.549546532;3.553080229;65.101793;5.447910633;17.02709423;21.76621661;19.53639753
343;4.54885942;3.609106914;65.04663357;5.58215609;17.13696399;21.99537873;19.32467053
344;4.548836353;3.664782114;64.94732458;5.716615944;17.23436325;22.22174147;19.10101257
345;4.549513122;3.719751342;64.80519302;5.850273306;17.31626331;22.44538015;18.86930208
346;4.550925514;3.773660111;64.62156588;5.982111284;17.37963545;22.66637009;18.63341748
347;4.553109319;3.826153937;64.39777013;6.11111299;17.42145097;22.88478659;18.39723718
348;4.556100325;3.876878333;64.13513276;6.236261533;17.43868117;23.10070498;18.16463959
349;4.55993432;3.925478812;63.83498077;6.356540023;17.42829733;23.31420058;17.93950313
350;4.564647094;3.97160089;63.49864113;6.470931571;17.38727074;23.5253487;17.72570622
351;4.570754669;4.011886457;63.07024021;6.573392907;17.29682952;23.71550269;17.49775179
352;4.578611364;4.04417716;62.50610988;6.660449477;17.14608132;23.87044792;17.23213658
353;4.58801041;4.069918147;61.82588541;6.734937466;16.94381673;23.99690776;16.93572967
354;4.59874504;4.090554567;61.04920204;6.799693059;16.69882637;24.10160558;16.61540019
355;4.610608488;4.107531567;60.19569503;6.857552441;16.41990083;24.19126475;16.27801721
356;4.623393986;4.122294295;59.28499964;6.911351796;16.11583072;24.27260863;15.93044985
357;4.636894765;4.136287899;58.33675112;6.96392731;15.79540665;24.35236059;15.5795672
358;4.65090406;4.150957526;57.37058474;7.018115166;15.46741922;24.437244;15.23223837
359;4.665215102;4.167748326;56.40613574;7.07675155;15.14065903;24.53398222;14.89533246
360;4.679621125;4.188105445;55.46303939;7.142672646;14.82391669;24.64929862;14.57571856
361;4.69391536;4.213474032;54.56093094;7.218714639;14.5259828;24.78991656;14.28026577
362;4.707891041;4.245299235;53.71944565;7.307713714;14.25564796;24.96255942;14.01584321
363;4.721341399;4.285026201;52.95821877;7.412506055;14.02170278;25.17395056;13.78931996
364;4.735908832;4.326767058;52.16551873;7.522658746;13.76995551;25.40915316;13.57424341
365;4.753064505;4.364367456;51.2344759;7.626912285;13.44937636;25.6488392;13.34258014
366;4.772344801;4.398872835;50.19201846;7.726862977;13.07349892;25.89314529;13.09882805
367;4.793286105;4.431328631;49.06507455;7.824107127;12.65585677;26.14220801;12.847485
368;4.815424802;4.462780281;47.88057236;7.920241041;12.2099835;26.39616396;12.59304891
369;4.838297277;4.494273223;46.66544004;8.016861023;11.74941268;26.65514973;12.34001764
370;4.861439914;4.526852894;45.44660576;8.115563379;11.2876779;26.91930192;12.09288909
371;4.884389097;4.561564731;44.25099769;8.217944415;10.83831273;27.18875711;11.85616115
372;4.906681212;4.599454172;43.10554399;8.325600435;10.41485077;27.46365191;11.63433171
373;4.927852642;4.641566653;42.03717283;8.440127744;10.03082559;27.74412289;11.43189864
374;4.947439774;4.688947613;41.07281238;8.563122648;9.699770778;28.03030667;11.25335985
375;4.96497899;4.742642488;40.2393908;8.696181453;9.435219911;28.32233982;11.10321322
376;4.981788148;4.803157355;39.45116073;8.843682477;9.198486916;28.63981834;10.97596317
377;4.999390197;4.869711244;38.61255658;9.007182928;8.944901326;28.99755744;10.86244507
378;5.01762916;4.94141902;37.73577912;9.184047442;8.679020133;29.38852257;10.76165319
379;5.036349059;5.017395551;36.83302915;9.371640657;8.405400331;29.80567918;10.67258182
380;5.055393919;5.096755703;35.91650747;9.567327208;8.128598912;30.24199269;10.59422524
381;5.074607762;5.178614344;34.99841486;9.768471732;7.853172869;30.69042857;10.52557774
382;5.093834612;5.26208634;34.09095211;9.972438865;7.583679195;31.14395226;10.46563358
383;5.112918491;5.346286558;33.20632001;10.17659324;7.324674883;31.5955292;10.41338706
384;5.131703422;5.430329864;32.35671936;10.37829951;7.080716926;32.03812483;10.36783245
385;5.150033429;5.513331125;31.55435094;10.57492229;6.856362316;32.46470459;10.32796405
386;5.167752534;5.594405209;30.81141555;10.76382622;6.656168047;32.86823395;10.29277612
387;5.184704761;5.672666981;30.14011398;10.94237595;6.484691112;33.24167833;10.26126295
388;5.200734133;5.747231309;29.55264701;11.1079361;6.346488503;33.57800318;10.23241882
389;5.216296942;5.82361521;29.03295887;11.27655519;6.242175439;33.91245285;10.21628689
390;5.231921168;5.907012353;28.55447147;11.46339967;6.166797796;34.27982824;10.22158794
391;5.24755837;5.996052577;28.11360213;11.66451111;6.116558554;34.67242963;10.24533272
392;5.263160106;6.089365725;27.7067682;11.87593109;6.087660694;35.08255729;10.28453199
393;5.278677936;6.185581636;27.330387;12.09370119;6.076307197;35.5025115;10.3361965
394;5.294063417;6.283330152;26.98087587;12.31386296;6.078701042;35.92459255;10.397337
395;5.309268107;6.381241113;26.65465215;12.53245799;6.09104521;36.34110072;10.46496423
396;5.324243565;6.477944361;26.34813315;12.74552784;6.109542681;36.74433627;10.53608896
397;5.338941349;6.572069737;26.05773623;12.94911409;6.130396436;37.12659949;10.60772193
398;5.353313018;6.662247081;25.7798787;13.13925832;6.149809456;37.48019066;10.67687389
399;5.367310129;6.747106235;25.51097791;13.31200208;6.163984719;37.79741007;10.7405556
400;5.380884242;6.825277038;25.24745118;13.46338697;6.169125207;38.07055797;10.7957778
401;5.394159426;6.898428432;25.01972095;13.60136512;6.184515783;38.31258319;10.84651487
402;5.407281052;6.969383603;24.85503577;13.73644237;6.229129609;38.54196722;10.89913542
403;5.420232628;7.038503765;24.74505212;13.86849076;6.298702114;38.75930936;10.95424161
404;5.43299766;7.106150128;24.68142649;13.99738235;6.388968727;38.96520893;11.01243559
405;5.445559658;7.172683906;24.65581538;14.12298921;6.495664876;39.16026524;11.0743195
406;5.457902129;7.23846631;24.65987527;14.24518337;6.61452599;39.34507759;11.14049549
407;5.47000858;7.303858554;24.68526265;14.36383691;6.741287498;39.52024532;11.21156571
408;5.48186252;7.36922185;24.72363402;14.47882187;6.871684829;39.68636771;11.28813231
409;5.493447457;7.434917409;24.76664587;14.59001031;7.001453411;39.84404409;11.37079743
410;5.504746898;7.501306444;24.80595468;14.69727429;7.126328673;39.99387376;11.46016322
411;5.515744351;7.568750168;24.83321694;14.80048587;7.242046043;40.13645604;11.55683183
412;5.526423324;7.637609792;24.84008916;14.8995171;7.344340952;40.27239024;11.6614054
413;5.536767325;7.70824653;24.81822781;14.99424004;7.428948826;40.40227566;11.77448609
414;5.54643693;7.779666902;24.80508007;15.07831834;7.512432942;40.5090598;11.89418864
415;5.555203068;7.850649429;24.83853605;15.1471628;7.612203281;40.57929799;12.01835989
416;5.56321478;7.921213322;24.91091661;15.20326618;7.72526533;40.61900128;12.14720015
417;5.570621106;7.991377794;25.01454263;15.24912127;7.848624579;40.63418076;12.28090976
418;5.577571086;8.061162056;25.14173498;15.28722083;7.979286514;40.63084748;12.41968902
419;5.58421376;8.13058532;25.28481454;15.32005763;8.114256624;40.61501253;12.56373826
420;5.590698168;8.199666798;25.43610217;15.35012444;8.250540398;40.59268697;12.71325779
421;5.59717335;8.268425701;25.58791876;15.37991402;8.385143323;40.56988187;12.86844792
422;5.603788346;8.336881242;25.73258517;15.41191915;8.515070887;40.55260829;13.02950897
423;5.610692197;8.405052632;25.86242228;15.44863261;8.637328579;40.54687732;13.19664127
424;5.618033941;8.472959083;25.96975095;15.49254714;8.748921887;40.55870001;13.37004512
425;5.62596262;8.540619807;26.04689208;15.54615554;8.846856298;40.59408744;13.54992085
426;5.633565801;8.611318116;26.11858447;15.60118759;8.940198744;40.63300467;13.74502196
427;5.639986852;8.687511706;26.21222342;15.6485238;9.039202186;40.65342157;13.96171042
428;5.645458511;8.767981358;26.32411451;15.68938302;9.14265116;40.65835641;14.19659928
429;5.650213518;8.851507855;26.45056332;15.72498409;9.249330201;40.65082748;14.44630158
430;5.654484611;8.936871981;26.58787544;15.75654587;9.358023845;40.63385305;14.70743036
431;5.658504529;9.022854519;26.73235643;15.7852872;9.467516628;40.61045139;14.97659865
432;5.662506012;9.108236251;26.88031188;15.81242693;9.576593084;40.5836408;15.25041951
433;5.666721798;9.19179796;27.02804737;15.8391839;9.68403775;40.55643954;15.52550596
434;5.671384627;9.27232043;27.17186848;15.86677697;9.788635161;40.53186589;15.79847104
435;5.676727237;9.348584443;27.30808078;15.89642497;9.889169852;40.51293813;16.0659278
436;5.682982367;9.419370782;27.43298986;15.92934677;9.984426358;40.50267454;16.32448928
437;5.690382756;9.48346023;27.54290129;15.96676119;10.07318922;40.50409339;16.57076851
438;5.699161144;9.53963357;27.63412066;16.0098871;10.15424296;40.52021297;16.80137854
439;5.708441236;9.592459188;27.71600591;16.05615348;10.22827726;40.54427215;17.03527805
440;5.71728129;9.646873799;27.80000469;16.10221062;10.29731838;40.56762948;17.29071528
441;5.725815879;9.702210687;27.88555713;16.14810924;10.36215578;40.59048279;17.56323764
442;5.734179571;9.757803132;27.97210338;16.19390011;10.42357892;40.61302987;17.84839251
443;5.742506938;9.812984417;28.05908356;16.23963397;10.48237725;40.63546854;18.14172728
444;5.75093255;9.867087823;28.14593781;16.28536155;10.53934022;40.65799661;18.43878934
445;5.759590977;9.919446632;28.23210627;16.33113362;10.59525729;40.68081187;18.73512608
446;5.76861679;9.969394126;28.31702905;16.37700092;10.65091792;40.70411216;19.0262849
447;5.77814456;10.01626359;28.40014631;16.42301419;10.70711156;40.72809526;19.30781318
448;5.788308856;10.05938829;28.48089817;16.46922418;10.76462766;40.752959;19.57525831
449;5.79924425;10.09810153;28.55872477;16.51568165;10.82425568;40.77890118;19.82416769
450;5.811085311;10.13173658;28.63306624;16.56243732;10.88678507;40.80611961;20.05008871
451;5.824141421;10.15829618;28.70339127;16.60998478;10.94642585;40.83726811;20.26659572
452;5.838493711;10.17701448;28.76992266;16.65865582;10.99786604;40.87417543;20.48907376
453;5.853934377;10.18907193;28.83323176;16.70825848;11.04261211;40.91580173;20.71578624
454;5.870255615;10.19564894;28.89388987;16.75860084;11.08217054;40.96110719;20.94499657
455;5.887249621;10.19792596;28.95246834;16.80949095;11.11804778;41.00905197;21.17496814
456;5.904708591;10.19708339;29.00953848;16.86073688;11.15175032;41.05859626;21.40396438
457;5.922424722;10.19430168;29.06567162;16.91214669;11.1847846;41.10870023;21.63024867
458;5.94019021;10.19076125;29.12143909;16.96352844;11.21865712;41.15832404;21.85208444
459;5.95779725;10.18764254;29.17741221;17.01469019;11.25487432;41.20642787;22.06773509
460;5.97503804;10.18612596;29.2341623;17.06544001;11.29494269;41.2519719;22.27546402
461;5.991704774;10.18739195;29.29226071;17.11558596;11.34036869;41.2939163;22.47353464
462;6.007589649;10.19262093;29.35227874;17.16493609;11.39265879;41.33122123;22.66021036
463;6.022484862;10.20299334;29.41478773;17.21329847;11.45331946;41.36284688;22.83375458
464;6.037588611;10.2091245;29.47631044;17.25835134;11.51695292;41.38983572;22.99301456
465;6.054054006;10.20255723;29.53351327;17.29859305;11.57767566;41.41421814;23.13915018
466;6.071605611;10.18586325;29.587183;17.33506186;11.6362656;41.43643614;23.27389372
467;6.089967989;10.16161424;29.63810643;17.36879602;11.69350062;41.45693172;23.3989775
468;6.108865702;10.1323819;29.68707033;17.40083376;11.75015862;41.47614688;23.5161338
469;6.128023314;10.10073794;29.73486149;17.43221336;11.80701751;41.49452364;23.62709494
470;6.147165388;10.06925405;29.78226669;17.46397305;11.86485519;41.51250399;23.73359321
471;6.166016486;10.04050193;29.83007273;17.49715109;11.92444954;41.53052994;23.8373609
472;6.184301172;10.01705328;29.87906637;17.53278572;11.98657848;41.54904349;23.94013034
473;6.201744009;10.00147979;29.93003442;17.5719152;12.05201989;41.56848665;24.0436338
474;6.218069559;9.996353158;29.98376364;17.61557778;12.12155168;41.58930143;24.1496036
475;6.233002387;10.00424509;30.04104084;17.66481171;12.19595175;41.61192982;24.25977203
476;6.246831595;10.01918763;30.10025889;17.71519449;12.27659397;41.63098898;24.36446489
477;6.26008786;10.03375913;30.15934117;17.76219378;12.36368307;41.64188355;24.45436495
478;6.272858107;10.0483508;30.21837019;17.80668308;12.45624318;41.64623676;24.53173997
479;6.285229263;10.06335383;30.27742846;17.84953587;12.55329842;41.64567183;24.59885771
480;6.297288251;10.07915942;30.3365985;17.89162563;12.65387295;41.64181201;24.65798594
481;6.309121997;10.09615878;30.39596281;17.93382584;12.75699089;41.6362805;24.71139242
482;6.320817425;10.1147431;30.45560391;17.97701;12.86167639;41.63070055;24.76134492
483;6.332461461;10.13530357;30.51560431;18.02205159;12.96695358;41.62669537;24.81011119
484;6.344141029;10.1582314;30.57604652;18.06982409;13.07184659;41.62588821;24.859959
485;6.355943055;10.18391779;30.63701304;18.121201;13.17537956;41.62990228;24.91315612
486;6.367954464;10.21275392;30.6985864;18.17705578;13.27657664;41.64036082;24.9719703
487;6.38026218;10.24513101;30.7608491;18.23826194;13.37446194;41.65888706;25.03866931
488;6.392953129;10.28144024;30.82388365;18.30569295;13.46805962;41.68710422;25.11552092
489;6.4050439;10.32515781;30.88789717;18.37946824;13.56260723;41.72044999;25.19554566
490;6.415688696;10.37841155;30.9529814;18.45860129;13.66320553;41.75355195;25.27087292
491;6.425180859;10.4395701;31.01904584;18.54230665;13.76867349;41.78681813;25.3424337
492;6.433813735;10.5070021;31.08599998;18.62979889;13.87783006;41.82065655;25.41115902
493;6.441880667;10.57907619;31.15375329;18.72029256;13.98949418;41.85547525;25.4779799
494;6.449674998;10.65416101;31.22221528;18.81300223;14.10248483;41.89168225;25.54382737
495;6.457490073;10.73062522;31.29129542;18.90714245;14.21562095;41.92968561;25.60963242
496;6.465619235;10.80683745;31.36090321;19.00192778;14.3277215;41.96989333;25.67632608
497;6.474355828;10.88116635;31.43094812;19.09657279;14.43760543;42.01271346;25.74483936
498;6.483993195;10.95198055;31.50133966;19.19029203;14.5440917;42.05855403;25.81610329
499;6.494824682;11.0176487;31.5719873;19.28230006;14.64599927;42.10782307;25.89104887
500;6.50714363;11.07653945;31.64280054;19.37181145;14.74214708;42.16092861;25.97060713
501;6.520330549;11.13489387;31.71201858;19.46480458;14.83449825;42.21998901;26.05152241
502;6.533584513;11.19929251;31.77836553;19.56670765;14.92584659;42.28614404;26.13024005
503;6.546926717;11.26861323;31.8424782;19.67590995;15.01625714;42.35833382;26.20724253
504;6.560378358;11.34173388;31.90499339;19.79080074;15.10579493;42.43549849;26.2830123
505;6.573960629;11.41753232;31.96654794;19.90976931;15.194525;42.51657817;26.35803186
506;6.587694727;11.49488638;32.02777864;20.03120493;15.28251238;42.60051301;26.43278368
507;6.601601848;11.57267394;32.08932232;20.15349689;15.36982213;42.68624312;26.50775022
508;6.615703185;11.64977283;32.15181579;20.27503445;15.45651926;42.77270865;26.58341397
509;6.630019935;11.72506091;32.21589586;20.39420691;15.54266881;42.85884972;26.6602574
510;6.644573293;11.79741603;32.28219936;20.50940352;15.62833583;42.94360646;26.73876298
511;6.659384454;11.86571606;32.35136308;20.61901358;15.71358534;43.02591901;26.81941319
512;6.674474614;11.92883882;32.42402385;20.72142636;15.79848239;43.10472749;26.90269051
513;6.689864967;11.98566219;32.50081848;20.81503113;15.88309201;43.17897205;26.9890774
514;6.705855837;12.03956066;32.58209101;20.90762017;15.96725488;43.25564503;27.07912034
515;6.722651824;12.09440134;32.66730929;21.00696311;16.05075939;43.34126317;27.17263302
516;6.740130543;12.14980103;32.75579584;21.11141523;16.13359213;43.4340532;27.26899878
517;6.758169608;12.2053765;32.8468732;21.21933186;16.2157397;43.53224181;27.36760095
518;6.776646633;12.26074456;32.93986389;21.32906827;16.29718869;43.63405572;27.46782287
519;6.795439233;12.31552199;33.03409044;21.43897979;16.37792569;43.73772163;27.56904787
520;6.814425022;12.36932558;33.12887537;21.54742172;16.4579373;43.84146625;27.67065928
521;6.833481615;12.42177211;33.22354121;21.65274934;16.53721011;43.9435163;27.77204044
522;6.852486624;12.47247839;33.3174105;21.75331798;16.61573071;44.04209847;27.87257469
523;6.871317666;12.52106118;33.40980575;21.84748292;16.69348571;44.13543949;27.97164534
524;6.889852354;12.56713729;33.5000495;21.93359948;16.77046169;44.22176606;28.06863575
525;6.907968302;12.61032351;33.58746427;22.01002295;16.84664524;44.29930488;28.16292925
526;6.925903912;12.65042941;33.67841369;22.07927788;16.92411779;44.37212332;28.25956023
527;6.943976967;12.68773427;33.77851693;22.14512772;17.00448751;44.44531124;28.3630712
528;6.962184152;12.72255939;33.88597991;22.20778615;17.08703117;44.51862912;28.47210759
529;6.980522154;12.75522611;33.9990085;22.26746683;17.17102552;44.59183745;28.58531484
530;6.99898766;12.78605572;34.11580861;22.32438343;17.25574732;44.6646967;28.70133841
531;7.017577357;12.81536954;34.23458612;22.37874963;17.34047332;44.73696736;28.81882373
532;7.036287929;12.84348889;34.35354693;22.43077909;17.42448027;44.8084099;28.93641625
533;7.055116065;12.87073508;34.47089694;22.48068548;17.50704493;44.8787848;29.05276141
534;7.07405845;12.89742943;34.58484203;22.52868248;17.58744406;44.94785254;29.16650466
535;7.093111771;12.92389325;34.6935881;22.57498375;17.66495441;45.0153736;29.27629144
536;7.112272715;12.95044785;34.79534104;22.61980297;17.73885274;45.08110847;29.3807672
537;7.131537966;12.97741455;34.88830674;22.6633538;17.8084158;45.14481761;29.47857738
538;7.150904213;13.00511466;34.9706911;22.70584992;17.87292034;45.20626151;29.56836742
539;7.170313819;13.03134224;35.05033192;22.74285266;17.93575849;45.26329632;29.65581423
540;7.189723596;13.05406804;35.13523605;22.77079056;18.00033255;45.3145928;29.74677667
541;7.209151907;13.07387842;35.22386298;22.79117808;18.0659346;45.36113336;29.84017314
542;7.228617112;13.09135974;35.31467221;22.80552968;18.1318567;45.40390042;29.93492204
543;7.248137572;13.10709837;35.40612321;22.81535983;18.1973909;45.44387639;30.02994175
544;7.267731649;13.12168066;35.49667548;22.82218297;18.26182926;45.48204366;30.12415067
545;7.287417704;13.13569298;35.58478851;22.82751358;18.32446386;45.51938467;30.21646719
546;7.307214099;13.14972168;35.66892178;22.83286611;18.38458675;45.55688181;30.30580971
547;7.327139194;13.16435313;35.74753478;22.83975503;18.44149;45.59551749;30.39109661
548;7.347211351;13.18017369;35.81908699;22.84969479;18.49446566;45.63627414;30.47124629
549;7.367448931;13.19776973;35.88203791;22.86419986;18.5428058;45.68013415;30.54517715
550;7.387870296;13.21772759;35.93484703;22.8847847;18.58580248;45.72807994;30.61180757
551;7.408573929;13.23809876;35.98017617;22.90570995;18.6244346;45.77677724;30.6729446
552;7.429615989;13.25674277;36.02177395;22.92090768;18.66023971;45.82258473;30.73116981
553;7.450951347;13.27395808;36.05973004;22.93139946;18.6933478;45.86602422;30.78656338
554;7.472534874;13.29004316;36.09413411;22.93820685;18.72388889;45.90761752;30.8392055
555;7.494321441;13.30529649;36.12507585;22.94235142;18.75199299;45.94788643;30.88917636
556;7.516265921;13.32001653;36.15264491;22.94485475;18.77779009;45.98735277;30.93655615
557;7.538323184;13.33450174;36.17693098;22.94673839;18.80141022;46.02653835;30.98142505
558;7.560448102;13.3490506;36.19802373;22.94902394;18.82298337;46.06596498;31.02386325
559;7.582595545;13.36396158;36.21601283;22.95273294;18.84263956;46.10615446;31.06395094
560;7.604720386;13.37953313;36.23098794;22.95888698;18.86050879;46.14762861;31.10176831
561;7.626777495;13.39606374;36.24303876;22.96850761;18.87672107;46.19090925;31.13739555
562;7.648721744;13.41385186;36.25225494;22.98261642;18.89140641;46.23651817;31.17091283
563;7.670508004;13.43319596;36.25872616;23.00223497;18.90469481;46.28497719;31.20240036
564;7.692656851;13.45347733;36.25915238;23.02448322;18.91453061;46.33590685;31.23018973
565;7.715610151;13.47387629;36.25096782;23.04599113;18.91922842;46.38840205;31.25294539
566;7.739204712;13.49438987;36.23536353;23.06704523;18.91947365;46.44219613;31.2712468
567;7.763277343;13.51501509;36.21353057;23.08793205;18.91595171;46.49702247;31.28567341
568;7.787664852;13.53574899;36.18666001;23.10893813;18.90934804;46.55261442;31.29680467
569;7.812204047;13.55658858;36.15594288;23.13035002;18.90034804;46.60870534;31.30522005
570;7.836731736;13.5775309;36.12257026;23.15245423;18.88963714;46.66502857;31.31149899
571;7.861084729;13.59857297;36.0877332;23.17553731;18.87790074;46.72131749;31.31622096
572;7.885099833;13.61971183;36.05262276;23.19988581;18.86582428;46.77730545;31.3199654
573;7.908613856;13.6409445;36.01842999;23.22578624;18.85409316;46.8327258;31.32331177
574;7.931463608;13.66226801;35.98634595;23.25352515;18.84339281;46.8873119;31.32683952
575;7.953485895;13.68367938;35.9575617;23.28338908;18.83440864;46.94079712;31.33112811
576;7.975257649;13.70582251;35.92732191;23.31603754;18.82429492;46.99496407;31.33382589
577;7.997400174;13.72918803;35.89066895;23.35164754;18.81011353;47.05146721;31.33249092
578;8.019816841;13.7535431;35.84849042;23.38978184;18.79241128;47.10984765;31.3275672
579;8.042411024;13.77865487;35.80167393;23.4300032;18.77173501;47.16964652;31.31949875
580;8.065086093;13.8042905;35.75110707;23.47187437;18.74863154;47.23040493;31.30872959
581;8.087745419;13.83021715;35.69767746;23.51495812;18.72364771;47.291664;31.29570372
582;8.110292375;13.85620196;35.64227269;23.55881721;18.69733034;47.35296485;31.28086516
583;8.132630333;13.8820121;35.58578036;23.6030144;18.67022627;47.41384858;31.26465792
584;8.154662663;13.90741471;35.52908808;23.64711244;18.64288231;47.47385633;31.24752601
585;8.176292738;13.93217695;35.47308346;23.69067409;18.6158453;47.5325292;31.22991346
586;8.197423929;13.95606599;35.41865409;23.73326212;18.58966206;47.58940832;31.21226426
587;8.217959608;13.97884896;35.36668758;23.77443929;18.56487943;47.6440348;31.19502244
588;8.237803147;14.00029303;35.31807154;23.81376835;18.54204423;47.69594975;31.178632
589;8.257282958;14.02191433;35.26976927;23.85441187;18.51960504;47.74701683;31.1614423
590;8.276759331;14.04512392;35.21845284;23.89924623;18.49574666;47.79917643;31.14168878
591;8.296183449;14.06953138;35.164573;23.94740491;18.47062027;47.85208477;31.11964462
592;8.315506495;14.09474624;35.10858048;23.99802139;18.44437706;47.90539809;31.09558299
593;8.334679655;14.12037809;35.05092601;24.05022916;18.41716819;47.95877262;31.06977706
594;8.353654112;14.14603647;34.99206032;24.1031617;18.38914486;48.01186459;31.04249998
595;8.372381049;14.17133095;34.93243416;24.15595249;18.36045823;48.06433024;31.01402494
596;8.390811651;14.19587108;34.87249825;24.20773501;18.33125949;48.11582579;30.98462509
597;8.408897102;14.21926643;34.81270333;24.25764274;18.30169982;48.16600747;30.95457361
598;8.426588586;14.24112656;34.75350013;24.30480916;18.27193039;48.21453151;30.92414366
599;8.443837286;14.26106103;34.6953394;24.34836777;18.24210238;48.26105416;30.89360842
600;8.460594387;14.27867939;34.63867186;24.38745203;18.21236698;48.30523163;30.86324105
601;8.476675549;14.29496577;34.58272008;24.42473789;18.18213804;48.34780245;30.83245584
602;8.491999123;14.31110881;34.52638746;24.46324627;18.15080776;48.38971579;30.80050381
603;8.506670328;14.32702488;34.46964598;24.50262808;18.11849482;48.43094387;30.76741319
604;8.520794381;14.34263033;34.41246761;24.54253426;18.08531791;48.47145887;30.73321223
605;8.534476501;14.35784152;34.35482435;24.58261573;18.0513957;48.51123301;30.69792917
606;8.547821906;14.37257481;34.29668818;24.62252341;18.01684689;48.55023849;30.66159226
607;8.560935815;14.38674655;34.23803107;24.66190824;17.98179014;48.58844752;30.62422972
608;8.573923445;14.40027311;34.17882501;24.70042113;17.94634416;48.62583229;30.58586981
609;8.586890014;14.41307085;34.11904199;24.73771303;17.91062761;48.66236502;30.54654077
610;8.599940742;14.42505612;34.05865397;24.77343484;17.87475918;48.6980179;30.50627084
611;8.613180845;14.43614528;33.99763296;24.8072375;17.83885756;48.73276315;30.46508827
612;8.626715544;14.44625469;33.93595092;24.83877193;17.80304143;48.76657296;30.42302129
613;8.640650054;14.45530071;33.87357984;24.86768907;17.76742946;48.79941954;30.38009814
614;8.65448149;14.4624563;33.81064287;24.8936204;17.73116157;48.82940759;30.3355608
615;8.667704814;14.46721255;33.74727252;24.91671392;17.69345854;48.85516857;30.28881623
616;8.680422018;14.46996299;33.68345483;24.93739533;17.6545604;48.87746478;30.24014023
617;8.692735095;14.47110116;33.61917582;24.95609033;17.61470717;48.89705855;30.18980856
618;8.704746038;14.47102061;33.55442152;24.9732246;17.57413887;48.91471221;30.13809701
619;8.716556841;14.47011487;33.48917797;24.98922384;17.53309553;48.93118807;30.08528134
620;8.728269496;14.4687775;33.42343119;25.00451373;17.49181717;48.94724846;30.03163734
621;8.739985997;14.46740203;33.35716722;25.01951998;17.45054381;48.96365569;29.97744079
622;8.751808336;14.46638199;33.29037208;25.03466827;17.40951548;48.9811721;29.92296745
623;8.763838506;14.46611094;33.22303181;25.0503843;17.36897219;49.00055999;29.86849311
624;8.776178501;14.46698242;33.15513244;25.06709376;17.32915397;49.0225817;29.81429354
625;8.788930313;14.46938995;33.08665999;25.08522235;17.29030084;49.04799953;29.76064452
626;8.80214367;14.47105133;33.01689417;25.10147582;17.25113367;49.07250139;29.70586759
627;8.815737915;14.46978423;32.94530392;25.11286414;17.21040354;49.09195165;29.64837739
628;8.829619468;14.46613204;32.87215915;25.12026928;17.16839586;49.10737733;29.58858939
629;8.843694746;14.46063818;32.79772978;25.12457322;17.12539601;49.11980548;29.52691901
630;8.857870169;14.45384603;32.72228572;25.12665792;17.08168937;49.13026313;29.46378171
631;8.872052155;14.446299;32.64609688;25.12740535;17.03756133;49.13977732;29.39959293
632;8.886147123;14.43854048;32.56943316;25.1276975;16.99329728;49.14937509;29.33476812
633;8.900061491;14.43111388;32.49256448;25.12841633;16.9491826;49.16008347;29.26972272
634;8.913701678;14.4245626;32.41576075;25.13044381;16.90550269;49.1729295;29.20487218
635;8.926974103;14.41943003;32.33929189;25.13466192;16.86254293;49.18894023;29.14063194
636;8.939785184;14.41625957;32.26342779;25.14195263;16.82058871;49.20914267;29.07741745
637;8.95204134;14.41559463;32.18843838;25.15319792;16.77992541;49.23456388;29.01564416
638;8.963648989;14.41797859;32.11459355;25.16927974;16.74083842;49.26623089;28.9557275
639;8.974513179;14.42125745;32.04031223;25.18632619;16.70238187;49.30020178;28.89589178
640;8.984687123;14.42317092;31.96408899;25.20039434;16.66350686;49.33229402;28.83430815
641;8.99429949;14.42410308;31.88630728;25.21225974;16.62434426;49.36317367;28.77131231
642;9.003478949;14.42443796;31.80735056;25.22269789;16.58502491;49.3935068;28.70723999
643;9.012354169;14.42455962;31.72760228;25.23248431;16.54567967;49.4239595;28.64242688
644;9.021053818;14.4248521;31.64744588;25.24239453;16.50643939;49.45519784;28.57720872
645;9.029706565;14.42569946;31.56726481;25.25320406;16.46743493;49.48788788;28.51192121
646;9.038441079;14.42748575;31.48744252;25.26568843;16.42879714;49.52269572;28.44690007
647;9.047386029;14.43059501;31.40836245;25.28062316;16.39065687;49.56028741;28.38248101
648;9.056670084;14.43541129;31.33040807;25.29878376;16.35314498;49.60132904;28.31899974
649;9.066421912;14.44231865;31.25396282;25.32094576;16.31639232;49.64648668;28.25679199
650;9.076770183;14.45170114;31.17941014;25.34788467;16.28052975;49.69642641;28.19619346
651;9.086801509;14.46289172;31.10582339;25.37815693;16.24539487;49.75047691;28.13657724
652;9.095691975;14.47495418;31.03207336;25.40979741;16.21071861;49.8073725;28.07709288
653;9.103704454;14.48786875;30.9582396;25.44279928;16.17647179;49.86688774;28.01774081
654;9.111101817;14.50161567;30.88440169;25.47715572;16.14262524;49.92879716;27.95852146
655;9.118146938;14.5161752;30.81063919;25.51285989;16.10914979;49.9928753;27.89943527
656;9.125102689;14.53152756;30.73703166;25.54990499;16.07601626;50.05889671;27.84048267
657;9.132231942;14.54765301;30.66365869;25.58828417;16.04319548;50.12663593;27.78166409
658;9.139797571;14.56453178;30.59059982;25.62799063;16.01065827;50.1958675;27.72297995
659;9.148062447;14.58214411;30.51793463;25.66901752;15.97837546;50.26636597;27.6644307
660;9.157289444;14.60047026;30.44574269;25.71135803;15.94631788;50.33790587;27.60601675
661;9.167741433;14.61949045;30.37410357;25.75500533;15.91445634;50.41026175;27.54773855
662;9.179681288;14.63918494;30.30309682;25.7999526;15.88276169;50.48320814;27.48959652
663;9.193371881;14.65953396;30.23280203;25.84619301;15.85120474;50.5565196;27.4315911
664;9.208005444;14.6806076;30.16296374;25.89373516;15.81988958;50.63089853;27.37372672
665;9.222648471;14.70248338;30.09329324;25.9425933;15.788931;50.70715155;27.31600789
666;9.237375228;14.72515274;30.02382015;25.99276911;15.75831589;50.78520953;27.25843518
667;9.252259984;14.7486071;29.95457407;26.04426423;15.7280311;50.86500332;27.20100915
668;9.267377005;14.77283788;29.88558464;26.09708033;15.69806353;50.94646378;27.14373038
669;9.282800558;14.7978365;29.81688147;26.15121907;15.66840004;51.02952176;27.08659941
670;9.29860491;14.82359439;29.74849419;26.20668212;15.63902752;51.11410813;27.02961682
671;9.314864329;14.85010298;29.68045241;26.26347112;15.60993283;51.20015375;26.97278317
672;9.331653081;14.87735369;29.61278575;26.32158775;15.58110286;51.28758946;26.91609902
673;9.349045433;14.90533793;29.54552384;26.38103366;15.55252447;51.37634614;26.85956494
674;9.367115653;14.93404715;29.4786963;26.44181051;15.52418456;51.46635463;26.80318149
675;9.385938008;14.96347275;29.41233274;26.50391997;15.49606998;51.5575458;26.74694923
676;9.405305709;14.99364094;29.34636288;26.56735856;15.46821649;51.65011034;26.69087518
677;9.424978451;15.02458108;29.2806997;26.6321221;15.4406658;51.74427081;26.63496359
678;9.444980224;15.05628935;29.21534773;26.69821114;15.41341375;51.84000583;26.57921084
679;9.465335019;15.08876192;29.15031148;26.76562625;15.3864562;51.93729402;26.5236133
680;9.486066827;15.12199499;29.08559548;26.83436801;15.35978899;52.03611403;26.46816737
681;9.50719964;15.15598471;29.02120424;26.90443697;15.33340795;52.13644447;26.41286941
682;9.528757447;15.19072729;28.95714229;26.9758337;15.30730895;52.23826397;26.35771581
683;9.55076424;15.22621888;28.89341415;27.04855878;15.28148782;52.34155116;26.30270296
684;9.57324401;15.26245567;28.83002434;27.12261276;15.25594041;52.44628467;26.24782724
685;9.596220747;15.29943385;28.76697738;27.19799621;15.23066256;52.55244312;26.19308502
686;9.619718443;15.33714958;28.70427779;27.2747097;15.20565013;52.66000516;26.13847269
687;9.643761088;15.37559905;28.6419301;27.3527538;15.18089895;52.76894939;26.08398664
688;9.668372673;15.41477843;28.57993882;27.43212906;15.15640487;52.87925446;26.02962323
689;9.69363708;15.45467001;28.51831557;27.51281677;15.13215965;52.99082498;25.97537047
690;9.719600609;15.49526253;28.45706502;27.5947999;15.1081608;53.10360176;25.92122166
691;9.74623088;15.53656192;28.39618126;27.67808154;15.0844128;53.2176177;25.86718117
692;9.77349551;15.57857407;28.33565838;27.76266482;15.06092015;53.33290571;25.81325338
693;9.801362118;15.62130491;28.27549046;27.84855285;15.03768733;53.44949868;25.75944265
694;9.829798325;15.66476033;28.21567159;27.93574875;15.01471881;53.56742952;25.70575335
695;9.858771747;15.70894625;28.15619587;28.02425562;14.9920191;53.68673113;25.65218986
696;9.888250005;15.75386859;28.09705738;28.11407658;14.96959266;53.80743641;25.59875654
697;9.918200717;15.79953323;28.03825021;28.20521475;14.94744398;53.92957826;25.54545777
698;9.948591502;15.84594611;27.97976845;28.29767323;14.92557756;54.05318958;25.49229791
699;9.979389978;15.89311312;27.92160619;28.39145514;14.90399787;54.17830328;25.43928133
700;10.01056377;15.94104018;27.86375752;28.48656359;14.88270939;54.30495225;25.38641241
